A,B,C,D,E,F,G,H,I,J,K,L,M,N,O,P,Q,R,S,T,U,V,W,X,Y,Z
a,,,,,,,,,,,,,,,,,,,,,,,,,
ability,,,,,,,,,,,,,,,,,,,,,,,,,
able,,,,,,,,,,,,,,,,,,,,,,,,,
aboard,,,,,,,,,,,,,,,,,,,,,,,,,
about,,,,,,,,,,,,,,,,,,,,,,,,,
above,,,,,,,,,,,,,,,,,,,,,,,,,
abroad,,,,,,,,,,,,,,,,,,,,,,,,,
absolute,,,,,,,,,,,,,,,,,,,,,,,,,
absolutely,,,,,,,,,,,,,,,,,,,,,,,,,
abstract,,,,,,,,,,,,,,,,,,,,,,,,,
abstraction,,,,,,,,,,,,,,,,,,,,,,,,,
abstractive,,,,,,,,,,,,,,,,,,,,,,,,,
abstractly,,,,,,,,,,,,,,,,,,,,,,,,,
academic,,,,,,,,,,,,,,,,,,,,,,,,,
accelerate,,,,,,,,,,,,,,,,,,,,,,,,,
acceleration,,,,,,,,,,,,,,,,,,,,,,,,,
acceleratory,,,,,,,,,,,,,,,,,,,,,,,,,
accent,,,,,,,,,,,,,,,,,,,,,,,,,
accept,,,,,,,,,,,,,,,,,,,,,,,,,
acceptability,,,,,,,,,,,,,,,,,,,,,,,,,
acceptable,,,,,,,,,,,,,,,,,,,,,,,,,
accepted,,,,,,,,,,,,,,,,,,,,,,,,,
access,,,,,,,,,,,,,,,,,,,,,,,,,
accident,,,,,,,,,,,,,,,,,,,,,,,,,
accidental,,,,,,,,,,,,,,,,,,,,,,,,,
accidentally,,,,,,,,,,,,,,,,,,,,,,,,,
accommodate,,,,,,,,,,,,,,,,,,,,,,,,,
accomplish,,,,,,,,,,,,,,,,,,,,,,,,,
accomplished,,,,,,,,,,,,,,,,,,,,,,,,,
accomplishment,,,,,,,,,,,,,,,,,,,,,,,,,
according,,,,,,,,,,,,,,,,,,,,,,,,,
account,,,,,,,,,,,,,,,,,,,,,,,,,
accountant,,,,,,,,,,,,,,,,,,,,,,,,,
accuracy,,,,,,,,,,,,,,,,,,,,,,,,,
accurate,,,,,,,,,,,,,,,,,,,,,,,,,
accurately,,,,,,,,,,,,,,,,,,,,,,,,,
ache,,,,,,,,,,,,,,,,,,,,,,,,,
achieve,,,,,,,,,,,,,,,,,,,,,,,,,
achievement,,,,,,,,,,,,,,,,,,,,,,,,,
acid,,,,,,,,,,,,,,,,,,,,,,,,,
across,,,,,,,,,,,,,,,,,,,,,,,,,
act,,,,,,,,,,,,,,,,,,,,,,,,,
action,,,,,,,,,,,,,,,,,,,,,,,,,
activate,,,,,,,,,,,,,,,,,,,,,,,,,
active,,,,,,,,,,,,,,,,,,,,,,,,,
actively,,,,,,,,,,,,,,,,,,,,,,,,,
actor ,,,,,,,,,,,,,,,,,,,,,,,,,
actress,,,,,,,,,,,,,,,,,,,,,,,,,
actual,,,,,,,,,,,,,,,,,,,,,,,,,
actually,,,,,,,,,,,,,,,,,,,,,,,,,
adapt,,,,,,,,,,,,,,,,,,,,,,,,,
adapter,,,,,,,,,,,,,,,,,,,,,,,,,
add,,,,,,,,,,,,,,,,,,,,,,,,,
addict,,,,,,,,,,,,,,,,,,,,,,,,,
addition,,,,,,,,,,,,,,,,,,,,,,,,,
additional,,,,,,,,,,,,,,,,,,,,,,,,,
additionally,,,,,,,,,,,,,,,,,,,,,,,,,
address,,,,,,,,,,,,,,,,,,,,,,,,,
an,,,,,,,,,,,,,,,,,,,,,,,,,
